#admin 可视化图标信息
INSERT INTO `monitor`.`mw_visualized_chart_table`(`id`, `parent_id`, `partition_name`, `icon_url`, `drag_url`, `creator`, `create_date`, `modifier`, `modification_date`, `delete_flag`, `sign`, `partition_eng`) VALUES (1, NULL, '图表区', NULL, NULL, 'admin', '2022-04-19 16:00:22', NULL, NULL, 0, NULL, 'chart');
INSERT INTO `monitor`.`mw_visualized_chart_table`(`id`, `parent_id`, `partition_name`, `icon_url`, `drag_url`, `creator`, `create_date`, `modifier`, `modification_date`, `delete_flag`, `sign`, `partition_eng`) VALUES (2, NULL, '表格区', NULL, NULL, 'admin', '2022-04-19 16:03:43', NULL, NULL, 0, NULL, 'form');
INSERT INTO `monitor`.`mw_visualized_chart_table`(`id`, `parent_id`, `partition_name`, `icon_url`, `drag_url`, `creator`, `create_date`, `modifier`, `modification_date`, `delete_flag`, `sign`, `partition_eng`) VALUES (3, 1, '曲线图', 'quxian_icon.svg', 'quxian_drag.svg', 'admin', '2022-04-19 16:01:31', NULL, NULL, 0, NULL, 'quxian');
INSERT INTO `monitor`.`mw_visualized_chart_table`(`id`, `parent_id`, `partition_name`, `icon_url`, `drag_url`, `creator`, `create_date`, `modifier`, `modification_date`, `delete_flag`, `sign`, `partition_eng`) VALUES (4, 1, '折线图', 'zhexian_icon.svg', 'zhexian_drag.svg', 'admin', '2022-04-19 16:02:03', NULL, NULL, 0, NULL, 'zhexian');
INSERT INTO `monitor`.`mw_visualized_chart_table`(`id`, `parent_id`, `partition_name`, `icon_url`, `drag_url`, `creator`, `create_date`, `modifier`, `modification_date`, `delete_flag`, `sign`, `partition_eng`) VALUES (5, 2, '表格', 'biaoge_icon.svg', 'biaoge_drag.svg', 'admin', '2022-04-19 16:04:37', NULL, NULL, 0, NULL, 'biaoge');
INSERT INTO `monitor`.`mw_visualized_chart_table`(`id`, `parent_id`, `partition_name`, `icon_url`, `drag_url`, `creator`, `create_date`, `modifier`, `modification_date`, `delete_flag`, `sign`, `partition_eng`) VALUES (7, 1, '饼状图', 'bingzhuang_icon.svg', 'bingzhuang_drag.svg', 'admin', '2022-04-19 16:01:31', NULL, NULL, 0, NULL, 'bingzhuang');
INSERT INTO `monitor`.`mw_visualized_chart_table`(`id`, `parent_id`, `partition_name`, `icon_url`, `drag_url`, `creator`, `create_date`, `modifier`, `modification_date`, `delete_flag`, `sign`, `partition_eng`) VALUES (8, 1, '环形图', 'huanxing_icon.svg', 'huanxing_drug.svg', 'admin', '2022-04-19 16:01:31', NULL, NULL, 0, NULL, 'huanxing');
INSERT INTO `monitor`.`mw_visualized_chart_table`(`id`, `parent_id`, `partition_name`, `icon_url`, `drag_url`, `creator`, `create_date`, `modifier`, `modification_date`, `delete_flag`, `sign`, `partition_eng`) VALUES (10, 1, '条形图', 'tiaoxing_icon.svg', 'tiaoxing_drag.png', 'admin', '2022-04-19 16:01:31', NULL, NULL, 0, NULL, 'tiaoxing');
INSERT INTO `monitor`.`mw_visualized_chart_table`(`id`, `parent_id`, `partition_name`, `icon_url`, `drag_url`, `creator`, `create_date`, `modifier`, `modification_date`, `delete_flag`, `sign`, `partition_eng`) VALUES (13, 1, '柱状图', 'zhuzhuang_icon.svg', 'zhuzhuang_drag.svg', 'admin', '2022-04-19 16:01:31', NULL, NULL, 0, NULL, 'zhuzhuang');
INSERT INTO `monitor`.`mw_visualized_chart_table`(`id`, `parent_id`, `partition_name`, `icon_url`, `drag_url`, `creator`, `create_date`, `modifier`, `modification_date`, `delete_flag`, `sign`, `partition_eng`) VALUES (14, NULL, '图标区', NULL, NULL, 'admin', '2022-04-21 18:57:11', NULL, NULL, 0, NULL, 'icon');
INSERT INTO `monitor`.`mw_visualized_chart_table`(`id`, `parent_id`, `partition_name`, `icon_url`, `drag_url`, `creator`, `create_date`, `modifier`, `modification_date`, `delete_flag`, `sign`, `partition_eng`) VALUES (15, 14, '安全设备', 'anquanshebei_icon.svg', 'anquanshebei_drag.svg', 'admin', '2022-04-19 16:01:31', NULL, NULL, 0, NULL, 'anquanshebei');
INSERT INTO `monitor`.`mw_visualized_chart_table`(`id`, `parent_id`, `partition_name`, `icon_url`, `drag_url`, `creator`, `create_date`, `modifier`, `modification_date`, `delete_flag`, `sign`, `partition_eng`) VALUES (16, 14, '存储设备', 'cunchushebei_icon.svg', 'cunchushebei_drag.svg', 'admin', '2022-04-19 16:01:31', NULL, NULL, 0, NULL, 'cunchushebei');
INSERT INTO `monitor`.`mw_visualized_chart_table`(`id`, `parent_id`, `partition_name`, `icon_url`, `drag_url`, `creator`, `create_date`, `modifier`, `modification_date`, `delete_flag`, `sign`, `partition_eng`) VALUES (17, 14, '服务器', 'fuwuqi_icon.svg', 'fuwuqi_drag.svg', 'admin', '2022-04-19 16:01:31', NULL, NULL, 0, NULL, 'fuwuqi');
INSERT INTO `monitor`.`mw_visualized_chart_table`(`id`, `parent_id`, `partition_name`, `icon_url`, `drag_url`, `creator`, `create_date`, `modifier`, `modification_date`, `delete_flag`, `sign`, `partition_eng`) VALUES (18, 14, '混合云', 'hunheyun_icon.svg', 'hunheyun_drag.svg', 'admin', '2022-04-19 16:01:31', NULL, NULL, 0, NULL, 'hunheyun');
INSERT INTO `monitor`.`mw_visualized_chart_table`(`id`, `parent_id`, `partition_name`, `icon_url`, `drag_url`, `creator`, `create_date`, `modifier`, `modification_date`, `delete_flag`, `sign`, `partition_eng`) VALUES (19, 14, '数据库', 'shujuku_icon.svg', 'shujuku_drag.svg', 'admin', '2022-04-19 16:01:31', NULL, NULL, 0, NULL, 'shujuku');
INSERT INTO `monitor`.`mw_visualized_chart_table`(`id`, `parent_id`, `partition_name`, `icon_url`, `drag_url`, `creator`, `create_date`, `modifier`, `modification_date`, `delete_flag`, `sign`, `partition_eng`) VALUES (20, 14, '网络设备', 'wangluoshebei_icon.svg', 'wangluoshebei_drag.svg', 'admin', '2022-04-19 16:01:31', NULL, NULL, 0, NULL, 'wangluoshebei');
INSERT INTO `monitor`.`mw_visualized_chart_table`(`id`, `parent_id`, `partition_name`, `icon_url`, `drag_url`, `creator`, `create_date`, `modifier`, `modification_date`, `delete_flag`, `sign`, `partition_eng`) VALUES (21, 14, '虚拟化', 'xunihua_icon.svg', 'xunihua_drag.svg', 'admin', '2022-04-19 16:01:31', NULL, NULL, 0, NULL, 'xunihua');
INSERT INTO `monitor`.`mw_visualized_chart_table`(`id`, `parent_id`, `partition_name`, `icon_url`, `drag_url`, `creator`, `create_date`, `modifier`, `modification_date`, `delete_flag`, `sign`, `partition_eng`) VALUES (22, 14, '应用', 'yingyong_icon.svg', 'yingyong_drag.svg', 'admin', '2022-04-19 16:01:31', NULL, NULL, 0, NULL, 'yingyong');
INSERT INTO `monitor`.`mw_visualized_chart_table`(`id`, `parent_id`, `partition_name`, `icon_url`, `drag_url`, `creator`, `create_date`, `modifier`, `modification_date`, `delete_flag`, `sign`, `partition_eng`) VALUES (23, 14, '云', 'yun_icon.svg', 'yun_drag.svg', 'admin', '2022-04-19 16:01:31', NULL, NULL, 0, NULL, 'yun');
INSERT INTO `monitor`.`mw_visualized_chart_table`(`id`, `parent_id`, `partition_name`, `icon_url`, `drag_url`, `creator`, `create_date`, `modifier`, `modification_date`, `delete_flag`, `sign`, `partition_eng`) VALUES (24, 14, '中间件', 'zhongjianjian_icon.svg', 'zhongjianjian_drag.svg', 'admin', '2022-04-19 16:01:31', NULL, NULL, 0, NULL, 'zhongjianjian');
INSERT INTO `monitor`.`mw_visualized_chart_table`(`id`, `parent_id`, `partition_name`, `icon_url`, `drag_url`, `creator`, `create_date`, `modifier`, `modification_date`, `delete_flag`, `sign`, `partition_eng`) VALUES (25, NULL, '图文区', NULL, NULL, 'admin', '2022-04-21 19:01:54', NULL, NULL, 0, NULL, 'imagetext');
INSERT INTO `monitor`.`mw_visualized_chart_table`(`id`, `parent_id`, `partition_name`, `icon_url`, `drag_url`, `creator`, `create_date`, `modifier`, `modification_date`, `delete_flag`, `sign`, `partition_eng`) VALUES (26, 25, '多行文字', 'duohangwenzi_icon.svg', 'duohang_drag.svg', 'admin', '2022-04-19 16:01:31', NULL, NULL, 0, NULL, 'duohangwenzi');
INSERT INTO `monitor`.`mw_visualized_chart_table`(`id`, `parent_id`, `partition_name`, `icon_url`, `drag_url`, `creator`, `create_date`, `modifier`, `modification_date`, `delete_flag`, `sign`, `partition_eng`) VALUES (27, 25, '图片', 'tupian_icon.svg', 'tupian_drag.svg', 'admin', '2022-04-19 16:01:31', NULL, NULL, 0, NULL, 'image');
INSERT INTO `monitor`.`mw_visualized_chart_table`(`id`, `parent_id`, `partition_name`, `icon_url`, `drag_url`, `creator`, `create_date`, `modifier`, `modification_date`, `delete_flag`, `sign`, `partition_eng`) VALUES (28, 25, '文字', 'wenzi_icon.svg', 'wenzi_icon.svg', 'admin', '2022-04-19 16:01:31', NULL, NULL, 0, NULL, 'text');
INSERT INTO `monitor`.`mw_visualized_chart_table`(`id`, `parent_id`, `partition_name`, `icon_url`, `drag_url`, `creator`, `create_date`, `modifier`, `modification_date`, `delete_flag`, `sign`, `partition_eng`) VALUES (29, 1, '地图', 'map_icon.svg', 'map_drag.png', 'admin', '2022-11-28 15:04:25', NULL, NULL, 0, NULL, 'map');
INSERT INTO `monitor`.`mw_visualized_chart_table`(`id`, `parent_id`, `partition_name`, `icon_url`, `drag_url`, `creator`, `create_date`, `modifier`, `modification_date`, `delete_flag`, `sign`, `partition_eng`) VALUES (30, 1, 'TopN', 'map_icon.svg', 'map_drag.png', 'admin', '2022-12-05 11:34:41', NULL, NULL, 0, NULL, 'topN');
INSERT INTO `monitor`.`mw_visualized_chart_table`(`id`, `parent_id`, `partition_name`, `icon_url`, `drag_url`, `creator`, `create_date`, `modifier`, `modification_date`, `delete_flag`, `sign`, `partition_eng`) VALUES (31, 1, '排行榜', 'map_icon.svg', 'map_drag.png', 'admin', '2022-12-05 11:35:45', NULL, NULL, 0, NULL, 'paihang');
INSERT INTO `monitor`.`mw_visualized_chart_table`(`id`, `parent_id`, `partition_name`, `icon_url`, `drag_url`, `creator`, `create_date`, `modifier`, `modification_date`, `delete_flag`, `sign`, `partition_eng`) VALUES (32, 1, '告警概括', 'map_icon.svg', 'map_drag.png', 'admin', '2022-12-12 09:26:30', NULL, NULL, 0, NULL, 'gaojing');
INSERT INTO `monitor`.`mw_visualized_chart_table`(`id`, `parent_id`, `partition_name`, `icon_url`, `drag_url`, `creator`, `create_date`, `modifier`, `modification_date`, `delete_flag`, `sign`, `partition_eng`) VALUES (33, NULL, '组件区', NULL, NULL, 'admin', '2023-02-15 14:15:44', NULL, NULL, 0, NULL, 'assembly');
INSERT INTO `monitor`.`mw_visualized_chart_table`(`id`, `parent_id`, `partition_name`, `icon_url`, `drag_url`, `creator`, `create_date`, `modifier`, `modification_date`, `delete_flag`, `sign`, `partition_eng`) VALUES (34, 33, '事件', 'event_icon.svg', NULL, 'admin', '2023-02-15 14:17:05', NULL, NULL, 0, NULL, 'event');
INSERT INTO `monitor`.`mw_visualized_chart_table`(`id`, `parent_id`, `partition_name`, `icon_url`, `drag_url`, `creator`, `create_date`, `modifier`, `modification_date`, `delete_flag`, `sign`, `partition_eng`) VALUES (35, 33, 'TopN排行', 'topN_icon.svg', NULL, 'admin', '2023-02-15 14:17:55', NULL, NULL, 0, NULL, 'ranking');
INSERT INTO `monitor`.`mw_visualized_chart_table`(`id`, `parent_id`, `partition_name`, `icon_url`, `drag_url`, `creator`, `create_date`, `modifier`, `modification_date`, `delete_flag`, `sign`, `partition_eng`) VALUES (37, 33, '中控机柜模型', 'serverRoom_icon.svg', 'serverRoom_drag.png', 'admin', '2023-03-07 11:59:41', NULL, NULL, 0, NULL, 'serverRoom');
INSERT INTO `monitor`.`mw_visualized_chart_table`(`id`, `parent_id`, `partition_name`, `icon_url`, `drag_url`, `creator`, `create_date`, `modifier`, `modification_date`, `delete_flag`, `sign`, `partition_eng`) VALUES (38, 33, '中控运行时间', 'runTime_icon.svg', 'zkRunTime_drag.png', 'admin', '2023-03-07 12:00:27', NULL, NULL, 0, NULL, 'zkyxsj');
INSERT INTO `monitor`.`mw_visualized_chart_table`(`id`, `parent_id`, `partition_name`, `icon_url`, `drag_url`, `creator`, `create_date`, `modifier`, `modification_date`, `delete_flag`, `sign`, `partition_eng`) VALUES (39, 33, '中控统计信息', 'census_icon.svg', 'zkCensus_drag.png', 'admin', '2023-03-07 12:01:10', NULL, NULL, 0, NULL, 'zktj');
INSERT INTO `monitor`.`mw_visualized_chart_table`(`id`, `parent_id`, `partition_name`, `icon_url`, `drag_url`, `creator`, `create_date`, `modifier`, `modification_date`, `delete_flag`, `sign`, `partition_eng`) VALUES (40, 33, '中控机柜监测', 'rockMonitor_icon.svg', 'rockMonitor_drag.png', 'admin', '2023-03-07 12:02:38', NULL, NULL, 0, NULL, 'zkjc');
INSERT INTO `monitor`.`mw_visualized_chart_table`(`id`, `parent_id`, `partition_name`, `icon_url`, `drag_url`, `creator`, `create_date`, `modifier`, `modification_date`, `delete_flag`, `sign`, `partition_eng`) VALUES (41, 33, '中控告警', 'zkAlert_icon.svg', 'zkAlert_drag.png', 'admin', '2023-03-07 12:03:18', NULL, NULL, 0, NULL, 'alert');
INSERT INTO `monitor`.`mw_visualized_chart_table`(`id`, `parent_id`, `partition_name`, `icon_url`, `drag_url`, `creator`, `create_date`, `modifier`, `modification_date`, `delete_flag`, `sign`, `partition_eng`) VALUES (42, 33, '中控运行数据', 'runData_icon.svg', 'zkRundata_drag.png', 'admin', '2023-03-09 09:19:43', NULL, NULL, 0, NULL, 'runData');
INSERT INTO `monitor`.`mw_visualized_chart_table`(`id`, `parent_id`, `partition_name`, `icon_url`, `drag_url`, `creator`, `create_date`, `modifier`, `modification_date`, `delete_flag`, `sign`, `partition_eng`) VALUES (44, 33, '中控时间', 'time_icon.svg', 'zkTime_drag.png', 'admin', '2023-03-10 22:41:52', NULL, NULL, 0, NULL, 'zktime');
INSERT INTO `monitor`.`mw_visualized_chart_table`(`id`, `parent_id`, `partition_name`, `icon_url`, `drag_url`, `creator`, `create_date`, `modifier`, `modification_date`, `delete_flag`, `sign`, `partition_eng`) VALUES (45, 33, '中控配电柜', 'serverRoom_icon.svg', 'zkDistribution_drag.png', 'admin', '2023-03-13 14:38:13', NULL, NULL, 0, NULL, 'zkpdg');
INSERT INTO `monitor`.`mw_visualized_chart_table`(`id`, `parent_id`, `partition_name`, `icon_url`, `drag_url`, `creator`, `create_date`, `modifier`, `modification_date`, `delete_flag`, `sign`, `partition_eng`) VALUES (46, 33, '告警播报', 'speak.svg', 'speak.svg', 'admin', '2023-03-28 10:02:04', NULL, NULL, 0, NULL, 'speak');
INSERT INTO `monitor`.`mw_visualized_chart_table`(`id`, `parent_id`, `partition_name`, `icon_url`, `drag_url`, `creator`, `create_date`, `modifier`, `modification_date`, `delete_flag`, `sign`, `partition_eng`) VALUES (47, 33, '告警分类状态', 'assetsNumber_icon.svg', 'assetsNumber_drag.png', 'gengjb', '2023-04-18 10:24:05', NULL, NULL, 0, NULL, 'alertClassify');
INSERT INTO `monitor`.`mw_visualized_chart_table`(`id`, `parent_id`, `partition_name`, `icon_url`, `drag_url`, `creator`, `create_date`, `modifier`, `modification_date`, `delete_flag`, `sign`, `partition_eng`) VALUES (48, 33, '告警趋势', 'alertTrend_icon.svg', 'alertTrend_drag.png', 'gengjb', '2023-04-18 10:25:42', NULL, NULL, 0, NULL, 'alertTrend');
INSERT INTO `monitor`.`mw_visualized_chart_table`(`id`, `parent_id`, `partition_name`, `icon_url`, `drag_url`, `creator`, `create_date`, `modifier`, `modification_date`, `delete_flag`, `sign`, `partition_eng`) VALUES (49, 33, '告警列表', 'alertList_icon.svg', 'alertList_drag.png', 'gengjb', '2023-04-18 15:37:15', NULL, NULL, 0, NULL, 'alertList');
INSERT INTO `monitor`.`mw_visualized_chart_table`(`id`, `parent_id`, `partition_name`, `icon_url`, `drag_url`, `creator`, `create_date`, `modifier`, `modification_date`, `delete_flag`, `sign`, `partition_eng`) VALUES (50, 33, '业务可用性', 'usability_icon.svg', 'usability_drag.png', 'gengjb', '2023-04-18 15:38:12', NULL, NULL, 0, NULL, 'businessUsab');
INSERT INTO `monitor`.`mw_visualized_chart_table`(`id`, `parent_id`, `partition_name`, `icon_url`, `drag_url`, `creator`, `create_date`, `modifier`, `modification_date`, `delete_flag`, `sign`, `partition_eng`) VALUES (51, 33, '健康数据', 'healthInfo_icon.svg', 'healthInfo_drag.png', 'gengjb', '2023-04-19 10:28:28', NULL, NULL, 0, NULL, 'healthInfo');
INSERT INTO `monitor`.`mw_visualized_chart_table`(`id`, `parent_id`, `partition_name`, `icon_url`, `drag_url`, `creator`, `create_date`, `modifier`, `modification_date`, `delete_flag`, `sign`, `partition_eng`) VALUES (52, 33, '健康状态', 'healthStatus_icon.svg', 'healthStatus_drag.png', 'gengjb', '2023-04-19 10:30:08', NULL, NULL, 0, NULL, 'healthStatus');
INSERT INTO `monitor`.`mw_visualized_chart_table`(`id`, `parent_id`, `partition_name`, `icon_url`, `drag_url`, `creator`, `create_date`, `modifier`, `modification_date`, `delete_flag`, `sign`, `partition_eng`) VALUES (53, 33, '拓扑', 'topology_icon.svg', 'topology_drag.png', 'gengjb', '2023-04-19 14:27:18', NULL, NULL, 0, NULL, 'topology');
INSERT INTO `monitor`.`mw_visualized_chart_table`(`id`, `parent_id`, `partition_name`, `icon_url`, `drag_url`, `creator`, `create_date`, `modifier`, `modification_date`, `delete_flag`, `sign`, `partition_eng`) VALUES (54, 33, '业务分区', 'businessSys_icon.svg', 'businessSys_drag.png', 'gengjb', '2023-04-19 14:53:38', NULL, NULL, 0, NULL, 'businessPartition');
INSERT INTO `monitor`.`mw_visualized_chart_table`(`id`, `parent_id`, `partition_name`, `icon_url`, `drag_url`, `creator`, `create_date`, `modifier`, `modification_date`, `delete_flag`, `sign`, `partition_eng`) VALUES (55, 33, '内存排行', 'memory_icon.svg', 'memory_drag.png', 'gengjb', '2023-04-20 08:56:34', NULL, NULL, 0, NULL, 'memoryTopN');
INSERT INTO `monitor`.`mw_visualized_chart_table`(`id`, `parent_id`, `partition_name`, `icon_url`, `drag_url`, `creator`, `create_date`, `modifier`, `modification_date`, `delete_flag`, `sign`, `partition_eng`) VALUES (56, 33, 'CPU排行', 'cpu_icon.svg', 'cpu_drag.png', 'gengjb', '2023-04-20 08:57:29', NULL, NULL, 0, NULL, 'cpuTopN');
INSERT INTO `monitor`.`mw_visualized_chart_table`(`id`, `parent_id`, `partition_name`, `icon_url`, `drag_url`, `creator`, `create_date`, `modifier`, `modification_date`, `delete_flag`, `sign`, `partition_eng`) VALUES (57, 33, '表空间排行', 'dbSpace_icon.svg', 'dbSpace_drag.png', 'gengjb', '2023-04-20 08:58:17', NULL, NULL, 0, NULL, 'tbsSpace');
INSERT INTO `monitor`.`mw_visualized_chart_table`(`id`, `parent_id`, `partition_name`, `icon_url`, `drag_url`, `creator`, `create_date`, `modifier`, `modification_date`, `delete_flag`, `sign`, `partition_eng`) VALUES (58, 33, 'VDI资源负载', 'VDI_icon.svg', 'VDI_drag.png', 'gengjb', '2023-04-24 15:27:24', NULL, NULL, 0, NULL, 'vdiLoad');
INSERT INTO `monitor`.`mw_visualized_chart_table`(`id`, `parent_id`, `partition_name`, `icon_url`, `drag_url`, `creator`, `create_date`, `modifier`, `modification_date`, `delete_flag`, `sign`, `partition_eng`) VALUES (59, 33, 'Session统计', 'sessionStat_icon.svg', 'sessionStat_drag.png', 'gengjb', '2023-04-24 15:29:36', NULL, NULL, 0, NULL, 'sessionCensus');
INSERT INTO `monitor`.`mw_visualized_chart_table`(`id`, `parent_id`, `partition_name`, `icon_url`, `drag_url`, `creator`, `create_date`, `modifier`, `modification_date`, `delete_flag`, `sign`, `partition_eng`) VALUES (60, 33, '磁盘排行', 'diskTopN_icon.svg', 'diskTopN_drag.png', 'gengjb', '2023-05-09 17:15:29', NULL, NULL, 0, NULL, 'diskTopN');
INSERT INTO `monitor`.`mw_visualized_chart_table`(`id`, `parent_id`, `partition_name`, `icon_url`, `drag_url`, `creator`, `create_date`, `modifier`, `modification_date`, `delete_flag`, `sign`, `partition_eng`) VALUES (61, 33, '延迟排行', 'delay_icon.svg', 'delay_drag.png', 'gengjb', '2023-05-09 17:16:37', NULL, NULL, 0, NULL, 'responseTimeTopN');
INSERT INTO `monitor`.`mw_visualized_chart_table`(`id`, `parent_id`, `partition_name`, `icon_url`, `drag_url`, `creator`, `create_date`, `modifier`, `modification_date`, `delete_flag`, `sign`, `partition_eng`) VALUES (62, 33, '丢包率排行', 'lossTopN_icon.svg', 'lossTopN_drag.png', 'gengjb', '2023-05-09 17:20:55', NULL, NULL, 0, NULL, 'lossTopN');
INSERT INTO `monitor`.`mw_visualized_chart_table`(`id`, `parent_id`, `partition_name`, `icon_url`, `drag_url`, `creator`, `create_date`, `modifier`, `modification_date`, `delete_flag`, `sign`, `partition_eng`) VALUES (63, 33, '测试播报', 'broadCast.svg', 'broadCast.svg', 'gengjb', '2023-05-10 11:30:19', NULL, NULL, 0, NULL, 'testBroadCast');
INSERT INTO `monitor`.`mw_visualized_chart_table`(`id`, `parent_id`, `partition_name`, `icon_url`, `drag_url`, `creator`, `create_date`, `modifier`, `modification_date`, `delete_flag`, `sign`, `partition_eng`) VALUES (64, 33, '类型统计', 'assetsNumber_icon.svg', 'assetsNumber_drag.png', 'gengjb', '2023-05-18 10:27:43', NULL, NULL, 0, NULL, 'typeStatistics');
INSERT INTO `monitor`.`mw_visualized_chart_table`(`id`, `parent_id`, `partition_name`, `icon_url`, `drag_url`, `creator`, `create_date`, `modifier`, `modification_date`, `delete_flag`, `sign`, `partition_eng`) VALUES (65, 33, '运营状态', 'assetsNumber_icon.svg', 'assetsNumber_drag.png', 'gengjb', '2023-05-19 14:07:35', NULL, NULL, 0, NULL, 'operateStatus');
INSERT INTO `monitor`.`mw_visualized_chart_table`(`id`, `parent_id`, `partition_name`, `icon_url`, `drag_url`, `creator`, `create_date`, `modifier`, `modification_date`, `delete_flag`, `sign`, `partition_eng`) VALUES (66, 33, '资产趋势', 'assetsNumber_icon.svg', 'assetsNumber_drag.png', 'gengjb', '2023-05-19 14:08:27', NULL, NULL, 0, NULL, 'assetsTrend');
INSERT INTO `monitor`.`mw_visualized_chart_table`(`id`, `parent_id`, `partition_name`, `icon_url`, `drag_url`, `creator`, `create_date`, `modifier`, `modification_date`, `delete_flag`, `sign`, `partition_eng`) VALUES (67, 33, 'agent状态', 'assetsNumber_icon.svg', 'assetsNumber_drag.png', 'gengjb', '2023-05-19 14:09:12', NULL, NULL, 0, NULL, 'agentStatus');
INSERT INTO `monitor`.`mw_visualized_chart_table`(`id`, `parent_id`, `partition_name`, `icon_url`, `drag_url`, `creator`, `create_date`, `modifier`, `modification_date`, `delete_flag`, `sign`, `partition_eng`) VALUES (68, 33, '资产一览', 'assetsNumber_icon.svg', 'assetsNumber_drag.png', 'gengjb', '2023-05-19 14:10:10', NULL, NULL, 0, NULL, 'assetsOverview');
INSERT INTO `monitor`.`mw_visualized_chart_table`(`id`, `parent_id`, `partition_name`, `icon_url`, `drag_url`, `creator`, `create_date`, `modifier`, `modification_date`, `delete_flag`, `sign`, `partition_eng`) VALUES (69, 33, '主机资源', 'assetsNumber_icon.svg', 'assetsNumber_drag.png', 'gengjb', '2023-05-19 14:11:23', NULL, NULL, 0, NULL, 'hostResources');
INSERT INTO `monitor`.`mw_visualized_chart_table`(`id`, `parent_id`, `partition_name`, `icon_url`, `drag_url`, `creator`, `create_date`, `modifier`, `modification_date`, `delete_flag`, `sign`, `partition_eng`) VALUES (70, 33, '资产分布', 'assetsNumber_icon.svg', 'assetsNumber_drag.png', 'gengjb', '2023-05-19 14:12:31', NULL, NULL, 0, NULL, 'assetsSpread');
INSERT INTO `monitor`.`mw_visualized_chart_table`(`id`, `parent_id`, `partition_name`, `icon_url`, `drag_url`, `creator`, `create_date`, `modifier`, `modification_date`, `delete_flag`, `sign`, `partition_eng`) VALUES (71, 33, '业务状态', 'assetsNumber_icon.svg', 'assetsNumber_drag.png', 'gengjb', '2023-05-20 11:54:37', NULL, NULL, 0, NULL, 'businessStatus');
INSERT INTO `monitor`.`mw_visualized_chart_table`(`id`, `parent_id`, `partition_name`, `icon_url`, `drag_url`, `creator`, `create_date`, `modifier`, `modification_date`, `delete_flag`, `sign`, `partition_eng`) VALUES (72, 33, '集群概览', 'assetsNumber_icon.svg', 'assetsNumber_drag.png', 'gengjb', '2023-05-21 11:32:17', NULL, NULL, 0, NULL, 'colonyOverview');
INSERT INTO `monitor`.`mw_visualized_chart_table`(`id`, `parent_id`, `partition_name`, `icon_url`, `drag_url`, `creator`, `create_date`, `modifier`, `modification_date`, `delete_flag`, `sign`, `partition_eng`) VALUES (73, 33, '集群使用', 'assetsNumber_icon.svg', 'assetsNumber_drag.png', 'gengjb', '2023-05-21 15:59:33', NULL, NULL, 0, NULL, 'colonyUse');
INSERT INTO `monitor`.`mw_visualized_chart_table`(`id`, `parent_id`, `partition_name`, `icon_url`, `drag_url`, `creator`, `create_date`, `modifier`, `modification_date`, `delete_flag`, `sign`, `partition_eng`) VALUES (74, 33, '集群排行', 'assetsNumber_icon.svg', 'assetsNumber_drag.png', 'gengjb', '2023-05-21 16:01:02', NULL, NULL, 0, NULL, 'colonyRanking');
INSERT INTO `monitor`.`mw_visualized_chart_table`(`id`, `parent_id`, `partition_name`, `icon_url`, `drag_url`, `creator`, `create_date`, `modifier`, `modification_date`, `delete_flag`, `sign`, `partition_eng`) VALUES (75, 33, '机器统计', 'assetsNumber_icon.svg', 'assetsNumber_drag.png', 'gengjb', '2023-05-21 16:03:20', NULL, NULL, 0, NULL, 'machineStatis');
INSERT INTO `monitor`.`mw_visualized_chart_table`(`id`, `parent_id`, `partition_name`, `icon_url`, `drag_url`, `creator`, `create_date`, `modifier`, `modification_date`, `delete_flag`, `sign`, `partition_eng`) VALUES (76, 33, '机器使用情况', 'assetsNumber_icon.svg', 'assetsNumber_drag.png', 'gengjb', '2023-05-21 16:04:36', NULL, NULL, 0, NULL, 'machineUse');
INSERT INTO `monitor`.`mw_visualized_chart_table`(`id`, `parent_id`, `partition_name`, `icon_url`, `drag_url`, `creator`, `create_date`, `modifier`, `modification_date`, `delete_flag`, `sign`, `partition_eng`) VALUES (77, 33, '机器排行', 'assetsNumber_icon.svg', 'assetsNumber_drag.png', 'gengjb', '2023-05-21 16:05:43', NULL, NULL, 0, NULL, 'machineRanking');
INSERT INTO `monitor`.`mw_visualized_chart_table`(`id`, `parent_id`, `partition_name`, `icon_url`, `drag_url`, `creator`, `create_date`, `modifier`, `modification_date`, `delete_flag`, `sign`, `partition_eng`) VALUES (78, 33, '机器运行状态', 'assetsNumber_icon.svg', 'assetsNumber_drag.png', 'gengjb', '2023-05-21 16:07:08', NULL, NULL, 0, NULL, 'machineRunStatus');
INSERT INTO `monitor`.`mw_visualized_chart_table`(`id`, `parent_id`, `partition_name`, `icon_url`, `drag_url`, `creator`, `create_date`, `modifier`, `modification_date`, `delete_flag`, `sign`, `partition_eng`) VALUES (79, 33, '处理状态', 'assetsNumber_icon.svg', 'assetsNumber_drag.png', 'gengjb', '2023-05-22 15:26:50', NULL, NULL, 0, NULL, 'dealWithStatus');
INSERT INTO `monitor`.`mw_visualized_chart_table`(`id`, `parent_id`, `partition_name`, `icon_url`, `drag_url`, `creator`, `create_date`, `modifier`, `modification_date`, `delete_flag`, `sign`, `partition_eng`) VALUES (80, 33, '处理时长', 'assetsNumber_icon.svg', 'assetsNumber_drag.png', 'gengjb', '2023-05-22 15:28:14', NULL, NULL, 0, NULL, 'dealWithDuration');
INSERT INTO `monitor`.`mw_visualized_chart_table`(`id`, `parent_id`, `partition_name`, `icon_url`, `drag_url`, `creator`, `create_date`, `modifier`, `modification_date`, `delete_flag`, `sign`, `partition_eng`) VALUES (81, 33, '收发包统计', 'assetsNumber_icon.svg', 'assetsNumber_drag.png', 'gengjb', '2023-05-23 10:01:28', NULL, NULL, 0, NULL, 'wrapStatis');
INSERT INTO `monitor`.`mw_visualized_chart_table`(`id`, `parent_id`, `partition_name`, `icon_url`, `drag_url`, `creator`, `create_date`, `modifier`, `modification_date`, `delete_flag`, `sign`, `partition_eng`) VALUES (82, 33, 'total连接数', 'assetsNumber_icon.svg', 'assetsNumber_drag.png', 'gengjb', '2023-05-23 10:03:36', NULL, NULL, 0, NULL, 'totalConnectNumber');
INSERT INTO `monitor`.`mw_visualized_chart_table`(`id`, `parent_id`, `partition_name`, `icon_url`, `drag_url`, `creator`, `create_date`, `modifier`, `modification_date`, `delete_flag`, `sign`, `partition_eng`) VALUES (83, 33, '虚拟存储', 'assetsNumber_icon.svg', 'assetsNumber_drag.png', 'gengjb', '2023-05-23 10:04:45', NULL, NULL, 0, NULL, 'virtuallySorage');
INSERT INTO `monitor`.`mw_visualized_chart_table`(`id`, `parent_id`, `partition_name`, `icon_url`, `drag_url`, `creator`, `create_date`, `modifier`, `modification_date`, `delete_flag`, `sign`, `partition_eng`) VALUES (84, 33, '广域网', 'assetsNumber_icon.svg', 'assetsNumber_drag.png', 'gengjb', '2023-05-23 10:48:26', NULL, NULL, 0, NULL, 'wideAreaNetWorl');
INSERT INTO `monitor`.`mw_visualized_chart_table`(`id`, `parent_id`, `partition_name`, `icon_url`, `drag_url`, `creator`, `create_date`, `modifier`, `modification_date`, `delete_flag`, `sign`, `partition_eng`) VALUES (85, 33, '互联网', 'assetsNumber_icon.svg', 'assetsNumber_drag.png', 'gengjb', '2023-05-23 10:49:32', NULL, NULL, 0, NULL, 'internet');
INSERT INTO `monitor`.`mw_visualized_chart_table`(`id`, `parent_id`, `partition_name`, `icon_url`, `drag_url`, `creator`, `create_date`, `modifier`, `modification_date`, `delete_flag`, `sign`, `partition_eng`) VALUES (86, 33, '存储访问量排行', 'assetsNumber_icon.svg', 'assetsNumber_drag.png', 'gengjb', '2023-05-23 10:50:39', NULL, NULL, 0, NULL, 'storageAccess');
INSERT INTO `monitor`.`mw_visualized_chart_table`(`id`, `parent_id`, `partition_name`, `icon_url`, `drag_url`, `creator`, `create_date`, `modifier`, `modification_date`, `delete_flag`, `sign`, `partition_eng`) VALUES (87, 33, '防火墙负载', 'assetsNumber_icon.svg', 'assetsNumber_drag.png', 'gengjb', '2023-05-23 10:51:44', NULL, NULL, 0, NULL, 'fireWall');
INSERT INTO `monitor`.`mw_visualized_chart_table`(`id`, `parent_id`, `partition_name`, `icon_url`, `drag_url`, `creator`, `create_date`, `modifier`, `modification_date`, `delete_flag`, `sign`, `partition_eng`) VALUES (88, 33, '容器分区', 'assetsNumber_icon.svg', 'assetsNumber_drag.png', 'gengjb', '2023-06-07 18:56:20', NULL, NULL, 0, NULL, 'containe');
INSERT INTO `monitor`.`mw_visualized_chart_table`(`id`, `parent_id`, `partition_name`, `icon_url`, `drag_url`, `creator`, `create_date`, `modifier`, `modification_date`, `delete_flag`, `sign`, `partition_eng`) VALUES (89, 33, '基础设施统计', 'assetsNumber_icon.svg', 'assetsNumber_drag.png', 'gengjb', '2023-06-20 08:57:00', NULL, NULL, 0, NULL, 'baseFacilities');
INSERT INTO `monitor`.`mw_visualized_chart_table`(`id`, `parent_id`, `partition_name`, `icon_url`, `drag_url`, `creator`, `create_date`, `modifier`, `modification_date`, `delete_flag`, `sign`, `partition_eng`) VALUES (90, 33, 'CPUTop', 'cpu_icon.svg', 'cpu_drag.png', 'gengjb', '2023-06-20 08:58:34', NULL, NULL, 0, NULL, 'cpuList');
INSERT INTO `monitor`.`mw_visualized_chart_table`(`id`, `parent_id`, `partition_name`, `icon_url`, `drag_url`, `creator`, `create_date`, `modifier`, `modification_date`, `delete_flag`, `sign`, `partition_eng`) VALUES (91, 33, '内存Top', 'memory_icon.svg', 'memory_drag.png', 'gengjb', '2023-06-20 08:59:36', NULL, NULL, 0, NULL, 'memory');
INSERT INTO `monitor`.`mw_visualized_chart_table`(`id`, `parent_id`, `partition_name`, `icon_url`, `drag_url`, `creator`, `create_date`, `modifier`, `modification_date`, `delete_flag`, `sign`, `partition_eng`) VALUES (92, 33, '带宽使用率', 'dbSpace_icon.svg', 'dbSpace_drag.png', 'gengjb', '2023-06-20 09:05:26', NULL, NULL, 0, NULL, 'bandWidth');
INSERT INTO `monitor`.`mw_visualized_chart_table`(`id`, `parent_id`, `partition_name`, `icon_url`, `drag_url`, `creator`, `create_date`, `modifier`, `modification_date`, `delete_flag`, `sign`, `partition_eng`) VALUES (93, 33, '整流模块', 'runData_icon.svg', 'zkRunTime_drag.png', 'gengjb', '2023-07-17 10:14:14', NULL, NULL, 0, NULL, 'rectifyModule');
INSERT INTO `monitor`.`mw_visualized_chart_table`(`id`, `parent_id`, `partition_name`, `icon_url`, `drag_url`, `creator`, `create_date`, `modifier`, `modification_date`, `delete_flag`, `sign`, `partition_eng`) VALUES (94, 33, '3D机房', 'serverRoom_icon.svg', 'serverRoom_drag.png', 'gengjb', '2023-07-20 14:26:38', NULL, NULL, 0, NULL, '3DRoom');

#可视化定时任务
INSERT INTO `monitor`.`mw_ncm_timetask_action`(`id`, `model_id`, `action_name`, `action_impl`, `action_method`, `action_model`) VALUES (30, 14, '可视化存储历史趋势数据', 'cn.mw.monitor.visualized.time.MwVisualizedModuleHistoryTime', 'getHistoryInfo', 0);
INSERT INTO `monitor`.`mw_ncm_timetask_action`(`id`, `model_id`, `action_name`, `action_impl`, `action_method`, `action_model`) VALUES (31, 14, '可视化获取监控项最新数据', 'cn.mw.monitor.visualized.time.MwVisualizedModuleTime', 'visualizedCacheInfo', 0);
INSERT INTO `monitor`.`mw_ncm_timetask_action`(`id`, `model_id`, `action_name`, `action_impl`, `action_method`, `action_model`) VALUES (33, 14, '可视化统计分区资产计数', 'cn.mw.monitor.visualized.time.MwVisualizedAeestsCountTime', 'getPartitionAssetsInfo', 0);
INSERT INTO `monitor`.`mw_ncm_timetask_action`(`id`, `model_id`, `action_name`, `action_impl`, `action_method`, `action_model`) VALUES (34, 14, '可视化获取每天告警记录', 'cn.mw.monitor.visualized.time.MwVisualizedAlertRecordTime', 'getCurrAlertRecord', 0);
INSERT INTO `monitor`.`mw_ncm_timetask_model`(`id`, `model_name`, `model_type`) VALUES (14, '可视化', 0);
INSERT INTO `monitor`.`mw_ncm_timetask_tree`(`id`, `model_id`, `action_id`) VALUES (30, 14, 30);
INSERT INTO `monitor`.`mw_ncm_timetask_tree`(`id`, `model_id`, `action_id`) VALUES (31, 14, 31);
INSERT INTO `monitor`.`mw_ncm_timetask_tree`(`id`, `model_id`, `action_id`) VALUES (33, 14, 33);
INSERT INTO `monitor`.`mw_ncm_timetask_tree`(`id`, `model_id`, `action_id`) VALUES (34, 14, 34);
INSERT INTO `monitor`.`mw_ncm_timetask_time_plan`(`id`, `time_name`, `time_cron`, `time_cron_chinese`, `time_type`, `time_choice`, `time_hms`) VALUES (30, '10分钟一次', '0 */10 1-23 * * ?', '每月第1-23天点从第*分开始,每10分执行一次', 'S', '', '');
INSERT INTO `monitor`.`mw_ncm_timetask_time_plan`(`id`, `time_name`, `time_cron`, `time_cron_chinese`, `time_type`, `time_choice`, `time_hms`) VALUES (71, '每日12点之前执行', '0 50 23 * * ?', '23点50分执行一次', 'H', NULL, '23:50:00');
INSERT INTO `monitor`.`mw_ncm_newtimetask`(`id`, `model_id`, `action_id`, `time_name`, `time_description`, `time_button`, `time_object`, `time_start_time`, `time_end_time`, `time_count`) VALUES ('1690532800636f6b2c7c743fb44ba820', 14, 30, '获取历史趋势数据', NULL, 1, NULL, NULL, NULL, NULL);
INSERT INTO `monitor`.`mw_ncm_newtimetask`(`id`, `model_id`, `action_id`, `time_name`, `time_description`, `time_button`, `time_object`, `time_start_time`, `time_end_time`, `time_count`) VALUES ('1690532815723af79a6a827074a0aad4', 14, 31, '获取最新数据', NULL, 1, NULL, NULL, NULL, NULL);
INSERT INTO `monitor`.`mw_ncm_newtimetask`(`id`, `model_id`, `action_id`, `time_name`, `time_description`, `time_button`, `time_object`, `time_start_time`, `time_end_time`, `time_count`) VALUES ('1690532883695b8096f65a2bd4d07916', 14, 33, '每日资产统计', NULL, 1, NULL, NULL, NULL, NULL);
INSERT INTO `monitor`.`mw_ncm_newtimetask`(`id`, `model_id`, `action_id`, `time_name`, `time_description`, `time_button`, `time_object`, `time_start_time`, `time_end_time`, `time_count`) VALUES ('1690532900067842e0af299e241628fe', 14, 34, '每日告警统计', NULL, 1, NULL, NULL, NULL, NULL);
INSERT INTO `monitor`.`mw_ncm_newtimetask_mapper_time`(`id`, `time_id`, `newtimetask_id`) VALUES (524, 30, '1690532800636f6b2c7c743fb44ba820');
INSERT INTO `monitor`.`mw_ncm_newtimetask_mapper_time`(`id`, `time_id`, `newtimetask_id`) VALUES (525, 30, '1690532815723af79a6a827074a0aad4');
INSERT INTO `monitor`.`mw_ncm_newtimetask_mapper_time`(`id`, `time_id`, `newtimetask_id`) VALUES (526, 71, '1690532883695b8096f65a2bd4d07916');
INSERT INTO `monitor`.`mw_ncm_newtimetask_mapper_time`(`id`, `time_id`, `newtimetask_id`) VALUES (527, 71, '1690532900067842e0af299e241628fe');